Stationsnamn;Klimatnummer;Mäthöjd (meter över marken)
Edevik;132590;2.0

Parameternamn;Beskrivning;Enhet
Nederbördsmängd;summa, 1 gång per månad;mm

Tidsperiod (fr.o.m);Tidsperiod (t.o.m);Höjd (meter över havet);Latitud (decimalgrader);Longitud (decimalgrader)
1911-02-01 00:00:00;2018-04-30 23:59:59;425.0;63.9812;12.8709

Från Datum Tid (UTC);Till Datum Tid (UTC);Representativ månad;Nederbördsmängd;Kvalitet;;Tidsutsnitt:
1911-01-01 07:00:01;1911-02-01 07:00:00;1911-01;120.0;G;;Kvalitetskontrollerade historiska data (utom de senaste 3 mån)
1911-02-01 07:00:01;1911-03-01 07:00:00;1911-02;50.0;G;;Tidsperiod (fr.o.m.) = 1911-02-01 00:00:00 (UTC)
1911-03-01 07:00:01;1911-04-01 07:00:00;1911-03;47.0;G;;Tidsperiod (t.o.m.) = 2018-02-01 06:00:00 (UTC)
1911-04-01 07:00:01;1911-05-01 07:00:00;1911-04;55.0;G;;Värdet är summerat över = 1 månad
1911-05-01 07:00:01;1911-06-01 07:00:00;1911-05;3.0;G;;
1911-06-01 07:00:01;1911-07-01 07:00:00;1911-06;51.0;G;;Kvalitetskoderna:
1911-07-01 07:00:01;1911-08-01 07:00:00;1911-07;77.0;G;;Grön (G) = Kontrollerade och godkända värden.
1911-08-01 07:00:01;1911-09-01 07:00:00;1911-08;56.0;G;;Gul (Y) = Misstänkta eller aggregerade värden. Grovt kontrollerade arkivdata och okontrollerade realtidsdata (senaste 2 tim).
1911-09-01 07:00:01;1911-10-01 07:00:00;1911-09;108.0;G;;
1911-10-01 07:00:01;1911-11-01 07:00:00;1911-10;89.0;G;;Orsaker till saknade data:
1911-11-01 07:00:01;1911-12-01 07:00:00;1911-11;51.0;G;;  stationen eller givaren har varit ur funktion.
1911-12-01 07:00:01;1912-01-01 07:00:00;1911-12;55.0;G;;  kvalitetskontrollerna har felmarkerat data (röd kvalitetskod). Efterföljande manuell granskning godkänner, rättar eller underkänner data.
1912-01-01 07:00:01;1912-02-01 07:00:00;1912-01;84.0;G
1912-02-01 07:00:01;1912-03-01 07:00:00;1912-02;94.0;G
1912-03-01 07:00:01;1912-04-01 07:00:00;1912-03;23.0;G
1912-04-01 07:00:01;1912-05-01 07:00:00;1912-04;37.0;G
1912-05-01 07:00:01;1912-06-01 07:00:00;1912-05;37.0;G
1912-06-01 07:00:01;1912-07-01 07:00:00;1912-06;15.0;G
1912-07-01 07:00:01;1912-08-01 07:00:00;1912-07;15.0;G
1912-08-01 07:00:01;1912-09-01 07:00:00;1912-08;79.0;G
1912-09-01 07:00:01;1912-10-01 07:00:00;1912-09;68.0;G
1912-10-01 07:00:01;1912-11-01 07:00:00;1912-10;47.0;G
1912-11-01 07:00:01;1912-12-01 07:00:00;1912-11;85.0;G
1912-12-01 07:00:01;1913-01-01 07:00:00;1912-12;76.0;G
1913-01-01 07:00:01;1913-02-01 07:00:00;1913-01;20.0;G
1913-02-01 07:00:01;1913-03-01 07:00:00;1913-02;159.0;G
1913-03-01 07:00:01;1913-04-01 07:00:00;1913-03;75.0;G
1913-04-01 07:00:01;1913-05-01 07:00:00;1913-04;24.0;G
1913-05-01 07:00:01;1913-06-01 07:00:00;1913-05;50.0;G
1913-06-01 07:00:01;1913-07-01 07:00:00;1913-06;52.0;G
1913-07-01 07:00:01;1913-08-01 07:00:00;1913-07;52.0;G
1913-08-01 07:00:01;1913-09-01 07:00:00;1913-08;68.0;G
1913-09-01 07:00:01;1913-10-01 07:00:00;1913-09;37.0;G
1913-10-01 07:00:01;1913-11-01 07:00:00;1913-10;118.0;G
1913-11-01 07:00:01;1913-12-01 07:00:00;1913-11;82.0;G
1913-12-01 07:00:01;1914-01-01 07:00:00;1913-12;135.0;G
1914-01-01 07:00:01;1914-02-01 07:00:00;1914-01;172.0;G
1914-02-01 07:00:01;1914-03-01 07:00:00;1914-02;85.0;G
1914-03-01 07:00:01;1914-04-01 07:00:00;1914-03;31.0;G
1914-04-01 07:00:01;1914-05-01 07:00:00;1914-04;122.0;G
1914-05-01 07:00:01;1914-06-01 07:00:00;1914-05;46.0;G
1914-06-01 07:00:01;1914-07-01 07:00:00;1914-06;44.0;G
1914-07-01 07:00:01;1914-08-01 07:00:00;1914-07;74.0;G
1914-08-01 07:00:01;1914-09-01 07:00:00;1914-08;84.0;G
1914-09-01 07:00:01;1914-10-01 07:00:00;1914-09;142.0;G
1914-10-01 07:00:01;1914-11-01 07:00:00;1914-10;55.0;G
1914-11-01 07:00:01;1914-12-01 07:00:00;1914-11;44.0;G
1914-12-01 07:00:01;1915-01-01 07:00:00;1914-12;35.0;G
1915-01-01 07:00:01;1915-02-01 07:00:00;1915-01;53.0;G
1915-02-01 07:00:01;1915-03-01 07:00:00;1915-02;33.0;G
1915-03-01 07:00:01;1915-04-01 07:00:00;1915-03;81.0;G
1915-04-01 07:00:01;1915-05-01 07:00:00;1915-04;94.0;G
1915-05-01 07:00:01;1915-06-01 07:00:00;1915-05;52.0;G
1915-06-01 07:00:01;1915-07-01 07:00:00;1915-06;58.0;G
1915-07-01 07:00:01;1915-08-01 07:00:00;1915-07;107.0;G
1915-08-01 07:00:01;1915-09-01 07:00:00;1915-08;92.0;G
1915-09-01 07:00:01;1915-10-01 07:00:00;1915-09;55.0;G
1915-10-01 07:00:01;1915-11-01 07:00:00;1915-10;6.0;G
1915-11-01 07:00:01;1915-12-01 07:00:00;1915-11;118.0;G
1915-12-01 07:00:01;1916-01-01 07:00:00;1915-12;39.0;G
1916-01-01 07:00:01;1916-02-01 07:00:00;1916-01;97.0;G
1916-02-01 07:00:01;1916-03-01 07:00:00;1916-02;11.0;G
1916-03-01 07:00:01;1916-04-01 07:00:00;1916-03;21.0;G
1916-04-01 07:00:01;1916-05-01 07:00:00;1916-04;29.0;G
1916-05-01 07:00:01;1916-06-01 07:00:00;1916-05;69.0;G
1916-06-01 07:00:01;1916-07-01 07:00:00;1916-06;38.0;G
1916-07-01 07:00:01;1916-08-01 07:00:00;1916-07;163.0;G
1916-08-01 07:00:01;1916-09-01 07:00:00;1916-08;71.0;G
1916-09-01 07:00:01;1916-10-01 07:00:00;1916-09;90.0;G
1916-10-01 07:00:01;1916-11-01 07:00:00;1916-10;50.0;G
1916-11-01 07:00:01;1916-12-01 07:00:00;1916-11;103.0;G
1916-12-01 07:00:01;1917-01-01 07:00:00;1916-12;22.0;G
1917-01-01 07:00:01;1917-02-01 07:00:00;1917-01;30.0;G
1917-02-01 07:00:01;1917-03-01 07:00:00;1917-02;130.0;G
1917-03-01 07:00:01;1917-04-01 07:00:00;1917-03;41.0;G
1917-04-01 07:00:01;1917-05-01 07:00:00;1917-04;33.0;G
1917-05-01 07:00:01;1917-06-01 07:00:00;1917-05;58.0;G
1917-06-01 07:00:01;1917-07-01 07:00:00;1917-06;82.0;G
1917-07-01 07:00:01;1917-08-01 07:00:00;1917-07;72.0;G
1917-08-01 07:00:01;1917-09-01 07:00:00;1917-08;66.0;G
1917-09-01 07:00:01;1917-10-01 07:00:00;1917-09;160.0;G
1917-10-01 07:00:01;1917-11-01 07:00:00;1917-10;45.0;G
1917-11-01 07:00:01;1917-12-01 07:00:00;1917-11;119.0;G
1917-12-01 07:00:01;1918-01-01 07:00:00;1917-12;81.0;G
1918-01-01 07:00:01;1918-02-01 07:00:00;1918-01;116.0;G
1918-02-01 07:00:01;1918-03-01 07:00:00;1918-02;63.0;G
1918-03-01 07:00:01;1918-04-01 07:00:00;1918-03;44.0;G
1918-04-01 07:00:01;1918-05-01 07:00:00;1918-04;6.0;G
1918-05-01 07:00:01;1918-06-01 07:00:00;1918-05;45.0;G
1918-06-01 07:00:01;1918-07-01 07:00:00;1918-06;80.0;G
1918-07-01 07:00:01;1918-08-01 07:00:00;1918-07;50.0;G
1918-08-01 07:00:01;1918-09-01 07:00:00;1918-08;130.0;G
1918-09-01 07:00:01;1918-10-01 07:00:00;1918-09;101.0;G
1918-10-01 07:00:01;1918-11-01 07:00:00;1918-10;51.0;G
1918-11-01 07:00:01;1918-12-01 07:00:00;1918-11;72.0;G
1918-12-01 07:00:01;1919-01-01 07:00:00;1918-12;22.0;G
1919-01-01 07:00:01;1919-02-01 07:00:00;1919-01;13.0;G
1919-02-01 07:00:01;1919-03-01 07:00:00;1919-02;108.0;G
1919-03-01 07:00:01;1919-04-01 07:00:00;1919-03;25.0;G
1919-04-01 07:00:01;1919-05-01 07:00:00;1919-04;60.0;G
1919-05-01 07:00:01;1919-06-01 07:00:00;1919-05;47.0;G
1919-06-01 07:00:01;1919-07-01 07:00:00;1919-06;69.0;G
1919-07-01 07:00:01;1919-08-01 07:00:00;1919-07;19.0;G
1919-08-01 07:00:01;1919-09-01 07:00:00;1919-08;93.0;G
1919-09-01 07:00:01;1919-10-01 07:00:00;1919-09;177.0;G
1919-10-01 07:00:01;1919-11-01 07:00:00;1919-10;68.0;G
1919-11-01 07:00:01;1919-12-01 07:00:00;1919-11;12.0;G
1919-12-01 07:00:01;1920-01-01 07:00:00;1919-12;43.0;G
1920-01-01 07:00:01;1920-02-01 07:00:00;1920-01;101.0;G
1920-02-01 07:00:01;1920-03-01 07:00:00;1920-02;150.0;G
1920-03-01 07:00:01;1920-04-01 07:00:00;1920-03;132.0;G
1920-04-01 07:00:01;1920-05-01 07:00:00;1920-04;36.0;G
1920-05-01 07:00:01;1920-06-01 07:00:00;1920-05;49.0;G
1920-06-01 07:00:01;1920-07-01 07:00:00;1920-06;44.0;G
1920-07-01 07:00:01;1920-08-01 07:00:00;1920-07;121.0;G
1920-08-01 07:00:01;1920-09-01 07:00:00;1920-08;45.0;G
1920-09-01 07:00:01;1920-10-01 07:00:00;1920-09;55.0;G
1920-10-01 07:00:01;1920-11-01 07:00:00;1920-10;41.0;G
1920-11-01 07:00:01;1920-12-01 07:00:00;1920-11;78.0;G
1920-12-01 07:00:01;1921-01-01 07:00:00;1920-12;61.0;G
1921-01-01 07:00:01;1921-02-01 07:00:00;1921-01;141.0;G
1921-02-01 07:00:01;1921-03-01 07:00:00;1921-02;126.0;G
1921-03-01 07:00:01;1921-04-01 07:00:00;1921-03;129.0;G
1921-04-01 07:00:01;1921-05-01 07:00:00;1921-04;37.0;G
1921-05-01 07:00:01;1921-06-01 07:00:00;1921-05;75.0;G
1921-06-01 07:00:01;1921-07-01 07:00:00;1921-06;101.0;G
1921-07-01 07:00:01;1921-08-01 07:00:00;1921-07;125.0;G
1921-08-01 07:00:01;1921-09-01 07:00:00;1921-08;161.0;G
1921-09-01 07:00:01;1921-10-01 07:00:00;1921-09;148.0;G
1921-10-01 07:00:01;1921-11-01 07:00:00;1921-10;188.0;G
1921-11-01 07:00:01;1921-12-01 07:00:00;1921-11;45.0;G
1921-12-01 07:00:01;1922-01-01 07:00:00;1921-12;74.0;G
1922-01-01 07:00:01;1922-02-01 07:00:00;1922-01;33.0;G
1922-02-01 07:00:01;1922-03-01 07:00:00;1922-02;42.0;G
1922-03-01 07:00:01;1922-04-01 07:00:00;1922-03;85.0;G
1922-04-01 07:00:01;1922-05-01 07:00:00;1922-04;36.0;G
1922-05-01 07:00:01;1922-06-01 07:00:00;1922-05;76.0;G
1922-06-01 07:00:01;1922-07-01 07:00:00;1922-06;110.0;G
1922-07-01 07:00:01;1922-08-01 07:00:00;1922-07;67.0;G
1922-08-01 07:00:01;1922-09-01 07:00:00;1922-08;54.0;G
1922-09-01 07:00:01;1922-10-01 07:00:00;1922-09;65.0;G
1922-10-01 07:00:01;1922-11-01 07:00:00;1922-10;78.0;G
1922-11-01 07:00:01;1922-12-01 07:00:00;1922-11;171.0;G
1922-12-01 07:00:01;1923-01-01 07:00:00;1922-12;87.0;G
1923-01-01 07:00:01;1923-02-01 07:00:00;1923-01;216.0;G
1923-02-01 07:00:01;1923-03-01 07:00:00;1923-02;23.0;G
1923-03-01 07:00:01;1923-04-01 07:00:00;1923-03;18.0;G
1923-04-01 07:00:01;1923-05-01 07:00:00;1923-04;6.0;G
1923-05-01 07:00:01;1923-06-01 07:00:00;1923-05;76.0;G
1923-06-01 07:00:01;1923-07-01 07:00:00;1923-06;73.0;G
1923-07-01 07:00:01;1923-08-01 07:00:00;1923-07;49.0;G
1923-08-01 07:00:01;1923-09-01 07:00:00;1923-08;63.0;G
1923-09-01 07:00:01;1923-10-01 07:00:00;1923-09;150.0;G
1923-10-01 07:00:01;1923-11-01 07:00:00;1923-10;79.0;G
1923-11-01 07:00:01;1923-12-01 07:00:00;1923-11;30.0;G
1923-12-01 07:00:01;1924-01-01 07:00:00;1923-12;55.0;G
1924-01-01 07:00:01;1924-02-01 07:00:00;1924-01;32.0;G
1924-02-01 07:00:01;1924-03-01 07:00:00;1924-02;109.0;G
1924-03-01 07:00:01;1924-04-01 07:00:00;1924-03;36.0;G
1924-04-01 07:00:01;1924-05-01 07:00:00;1924-04;44.0;G
1924-05-01 07:00:01;1924-06-01 07:00:00;1924-05;58.0;G
1924-06-01 07:00:01;1924-07-01 07:00:00;1924-06;71.0;G
1924-07-01 07:00:01;1924-08-01 07:00:00;1924-07;54.0;G
1924-08-01 07:00:01;1924-09-01 07:00:00;1924-08;136.0;G
1924-09-01 07:00:01;1924-10-01 07:00:00;1924-09;61.0;G
1924-10-01 07:00:01;1924-11-01 07:00:00;1924-10;63.0;G
1924-11-01 07:00:01;1924-12-01 07:00:00;1924-11;90.0;G
1924-12-01 07:00:01;1925-01-01 07:00:00;1924-12;92.0;G
1925-01-01 07:00:01;1925-02-01 07:00:00;1925-01;167.0;G
1925-02-01 07:00:01;1925-03-01 07:00:00;1925-02;69.0;G
1925-03-01 07:00:01;1925-04-01 07:00:00;1925-03;94.0;G
1925-04-01 07:00:01;1925-05-01 07:00:00;1925-04;27.0;G
1925-05-01 07:00:01;1925-06-01 07:00:00;1925-05;53.0;G
1925-06-01 07:00:01;1925-07-01 07:00:00;1925-06;87.0;G
1925-07-01 07:00:01;1925-08-01 07:00:00;1925-07;74.0;G
1925-08-01 07:00:01;1925-09-01 07:00:00;1925-08;127.0;G
1925-09-01 07:00:01;1925-10-01 07:00:00;1925-09;49.0;G
1925-10-01 07:00:01;1925-11-01 07:00:00;1925-10;155.0;G
1925-11-01 07:00:01;1925-12-01 07:00:00;1925-11;103.0;G
1925-12-01 07:00:01;1926-01-01 07:00:00;1925-12;79.0;G
1926-01-01 07:00:01;1926-02-01 07:00:00;1926-01;21.0;G
1926-02-01 07:00:01;1926-03-01 07:00:00;1926-02;47.0;G
1926-03-01 07:00:01;1926-04-01 07:00:00;1926-03;132.0;G
1926-04-01 07:00:01;1926-05-01 07:00:00;1926-04;64.0;G
1926-05-01 07:00:01;1926-06-01 07:00:00;1926-05;59.0;G
1926-06-01 07:00:01;1926-07-01 07:00:00;1926-06;26.0;G
1926-07-01 07:00:01;1926-08-01 07:00:00;1926-07;90.0;G
1926-08-01 07:00:01;1926-09-01 07:00:00;1926-08;71.0;G
1926-09-01 07:00:01;1926-10-01 07:00:00;1926-09;117.0;G
1926-10-01 07:00:01;1926-11-01 07:00:00;1926-10;59.0;G
1926-11-01 07:00:01;1926-12-01 07:00:00;1926-11;44.0;G
1926-12-01 07:00:01;1927-01-01 07:00:00;1926-12;151.0;G
1927-01-01 07:00:01;1927-02-01 07:00:00;1927-01;58.0;G
1927-02-01 07:00:01;1927-03-01 07:00:00;1927-02;45.0;G
1927-03-01 07:00:01;1927-04-01 07:00:00;1927-03;63.0;G
1927-04-01 07:00:01;1927-05-01 07:00:00;1927-04;124.0;G
1927-05-01 07:00:01;1927-06-01 07:00:00;1927-05;55.0;G
1927-06-01 07:00:01;1927-07-01 07:00:00;1927-06;25.0;G
1927-07-01 07:00:01;1927-08-01 07:00:00;1927-07;79.0;G
1927-08-01 07:00:01;1927-09-01 07:00:00;1927-08;80.0;G
1927-09-01 07:00:01;1927-10-01 07:00:00;1927-09;39.0;G
1927-10-01 07:00:01;1927-11-01 07:00:00;1927-10;106.0;G
1927-11-01 07:00:01;1927-12-01 07:00:00;1927-11;62.0;G
1927-12-01 07:00:01;1928-01-01 07:00:00;1927-12;43.0;G
1928-01-01 07:00:01;1928-02-01 07:00:00;1928-01;75.0;G
1928-02-01 07:00:01;1928-03-01 07:00:00;1928-02;67.0;G
1928-03-01 07:00:01;1928-04-01 07:00:00;1928-03;17.0;G
1928-04-01 07:00:01;1928-05-01 07:00:00;1928-04;12.0;G
1928-05-01 07:00:01;1928-06-01 07:00:00;1928-05;28.0;G
1928-06-01 07:00:01;1928-07-01 07:00:00;1928-06;65.0;G
1928-07-01 07:00:01;1928-08-01 07:00:00;1928-07;133.0;G
1928-08-01 07:00:01;1928-09-01 07:00:00;1928-08;48.0;G
1928-09-01 07:00:01;1928-10-01 07:00:00;1928-09;66.0;G
1928-10-01 07:00:01;1928-11-01 07:00:00;1928-10;61.0;G
1928-11-01 07:00:01;1928-12-01 07:00:00;1928-11;82.0;G
1928-12-01 07:00:01;1929-01-01 07:00:00;1928-12;80.0;G
1929-01-01 07:00:01;1929-02-01 07:00:00;1929-01;60.0;G
1929-02-01 07:00:01;1929-03-01 07:00:00;1929-02;18.0;G
1929-03-01 07:00:01;1929-04-01 07:00:00;1929-03;160.0;G
1929-04-01 07:00:01;1929-05-01 07:00:00;1929-04;40.0;G
1929-05-01 07:00:01;1929-06-01 07:00:00;1929-05;36.0;G
1929-06-01 07:00:01;1929-07-01 07:00:00;1929-06;38.0;G
1929-07-01 07:00:01;1929-08-01 07:00:00;1929-07;62.0;G
1929-08-01 07:00:01;1929-09-01 07:00:00;1929-08;94.0;G
1929-09-01 07:00:01;1929-10-01 07:00:00;1929-09;89.0;G
1929-10-01 07:00:01;1929-11-01 07:00:00;1929-10;111.0;G
1929-11-01 07:00:01;1929-12-01 07:00:00;1929-11;37.0;G
1929-12-01 07:00:01;1930-01-01 07:00:00;1929-12;80.0;G
1930-01-01 07:00:01;1930-02-01 07:00:00;1930-01;61.0;G
1930-02-01 07:00:01;1930-03-01 07:00:00;1930-02;101.0;G
1930-03-01 07:00:01;1930-04-01 07:00:00;1930-03;70.0;G
1930-04-01 07:00:01;1930-05-01 07:00:00;1930-04;13.0;G
1930-05-01 07:00:01;1930-06-01 07:00:00;1930-05;35.0;G
1930-06-01 07:00:01;1930-07-01 07:00:00;1930-06;32.0;G
1930-07-01 07:00:01;1930-08-01 07:00:00;1930-07;36.0;G
1930-08-01 07:00:01;1930-09-01 07:00:00;1930-08;74.0;G
1930-09-01 07:00:01;1930-10-01 07:00:00;1930-09;70.0;G
1930-10-01 07:00:01;1930-11-01 07:00:00;1930-10;81.0;G
1930-11-01 07:00:01;1930-12-01 07:00:00;1930-11;126.0;G
1930-12-01 07:00:01;1931-01-01 07:00:00;1930-12;72.0;G
1931-01-01 07:00:01;1931-02-01 07:00:00;1931-01;32.0;G
1931-02-01 07:00:01;1931-03-01 07:00:00;1931-02;10.0;G
1931-03-01 07:00:01;1931-04-01 07:00:00;1931-03;44.0;G
1931-04-01 07:00:01;1931-05-01 07:00:00;1931-04;20.0;G
1931-05-01 07:00:01;1931-06-01 07:00:00;1931-05;63.0;G
1931-06-01 07:00:01;1931-07-01 07:00:00;1931-06;129.0;G
1931-07-01 07:00:01;1931-08-01 07:00:00;1931-07;55.0;G
1931-08-01 07:00:01;1931-09-01 07:00:00;1931-08;77.0;G
1931-09-01 07:00:01;1931-10-01 07:00:00;1931-09;88.0;G
1931-10-01 07:00:01;1931-11-01 07:00:00;1931-10;190.0;G
1931-11-01 07:00:01;1931-12-01 07:00:00;1931-11;8.0;G
1931-12-01 07:00:01;1932-01-01 07:00:00;1931-12;123.0;G
1932-01-01 07:00:01;1932-02-01 07:00:00;1932-01;246.0;G
1932-02-01 07:00:01;1932-03-01 07:00:00;1932-02;110.0;G
1932-03-01 07:00:01;1932-04-01 07:00:00;1932-03;43.0;G
1932-04-01 07:00:01;1932-05-01 07:00:00;1932-04;23.0;G
1932-05-01 07:00:01;1932-06-01 07:00:00;1932-05;19.0;G
1932-06-01 07:00:01;1932-07-01 07:00:00;1932-06;35.0;G
1932-07-01 07:00:01;1932-08-01 07:00:00;1932-07;43.0;G
1932-08-01 07:00:01;1932-09-01 07:00:00;1932-08;73.0;G
1932-09-01 07:00:01;1932-10-01 07:00:00;1932-09;142.0;G
1932-10-01 07:00:01;1932-11-01 07:00:00;1932-10;38.0;G
1932-11-01 07:00:01;1932-12-01 07:00:00;1932-11;62.0;G
1932-12-01 07:00:01;1933-01-01 07:00:00;1932-12;47.0;G
1933-01-01 07:00:01;1933-02-01 07:00:00;1933-01;54.0;G
1933-02-01 07:00:01;1933-03-01 07:00:00;1933-02;126.0;G
1933-03-01 07:00:01;1933-04-01 07:00:00;1933-03;68.0;G
1933-04-01 07:00:01;1933-05-01 07:00:00;1933-04;55.0;G
1933-05-01 07:00:01;1933-06-01 07:00:00;1933-05;24.0;G
1933-06-01 07:00:01;1933-07-01 07:00:00;1933-06;24.0;G
1933-07-01 07:00:01;1933-08-01 07:00:00;1933-07;131.0;G
1933-08-01 07:00:01;1933-09-01 07:00:00;1933-08;147.0;G
1933-09-01 07:00:01;1933-10-01 07:00:00;1933-09;33.0;G
1933-10-01 07:00:01;1933-11-01 07:00:00;1933-10;104.0;G
1933-11-01 07:00:01;1933-12-01 07:00:00;1933-11;61.0;G
1933-12-01 07:00:01;1934-01-01 07:00:00;1933-12;172.0;G
1934-01-01 07:00:01;1934-02-01 07:00:00;1934-01;99.0;G
1934-02-01 07:00:01;1934-03-01 07:00:00;1934-02;225.0;G
1934-03-01 07:00:01;1934-04-01 07:00:00;1934-03;21.0;G
1934-04-01 07:00:01;1934-05-01 07:00:00;1934-04;44.0;G
1934-05-01 07:00:01;1934-06-01 07:00:00;1934-05;64.0;G
1934-06-01 07:00:01;1934-07-01 07:00:00;1934-06;47.0;G
1934-07-01 07:00:01;1934-08-01 07:00:00;1934-07;75.0;G
1934-08-01 07:00:01;1934-09-01 07:00:00;1934-08;41.0;G
1934-09-01 07:00:01;1934-10-01 07:00:00;1934-09;88.0;G
1934-10-01 07:00:01;1934-11-01 07:00:00;1934-10;98.0;G
1934-11-01 07:00:01;1934-12-01 07:00:00;1934-11;134.0;G
1934-12-01 07:00:01;1935-01-01 07:00:00;1934-12;32.0;G
1935-01-01 07:00:01;1935-02-01 07:00:00;1935-01;124.0;G
1935-02-01 07:00:01;1935-03-01 07:00:00;1935-02;113.0;G
1935-03-01 07:00:01;1935-04-01 07:00:00;1935-03;26.0;G
1935-04-01 07:00:01;1935-05-01 07:00:00;1935-04;30.0;G
1935-05-01 07:00:01;1935-06-01 07:00:00;1935-05;50.0;G
1935-06-01 07:00:01;1935-07-01 07:00:00;1935-06;59.0;G
1935-07-01 07:00:01;1935-08-01 07:00:00;1935-07;122.0;G
1935-08-01 07:00:01;1935-09-01 07:00:00;1935-08;80.0;G
1935-09-01 07:00:01;1935-10-01 07:00:00;1935-09;69.0;G
1935-10-01 07:00:01;1935-11-01 07:00:00;1935-10;44.0;G
1935-11-01 07:00:01;1935-12-01 07:00:00;1935-11;17.0;G
1935-12-01 07:00:01;1936-01-01 07:00:00;1935-12;32.0;G
1936-01-01 07:00:01;1936-02-01 07:00:00;1936-01;39.0;G
1936-02-01 07:00:01;1936-03-01 07:00:00;1936-02;48.0;G
1936-03-01 07:00:01;1936-04-01 07:00:00;1936-03;50.0;G
1936-04-01 07:00:01;1936-05-01 07:00:00;1936-04;74.0;G
1936-05-01 07:00:01;1936-06-01 07:00:00;1936-05;23.0;G
1936-06-01 07:00:01;1936-07-01 07:00:00;1936-06;34.0;G
1980-07-01 06:00:01;1980-08-01 06:00:00;1980-07;47.6;Y
1980-08-01 06:00:01;1980-09-01 06:00:00;1980-08;59.6;Y
1980-09-01 06:00:01;1980-10-01 06:00:00;1980-09;89.0;Y
1980-10-01 06:00:01;1980-11-01 06:00:00;1980-10;61.1;Y
1980-11-01 06:00:01;1980-12-01 06:00:00;1980-11;81.9;Y
1980-12-01 06:00:01;1981-01-01 06:00:00;1980-12;139.4;Y
1981-01-01 06:00:01;1981-02-01 06:00:00;1981-01;197.0;Y
1981-02-01 06:00:01;1981-03-01 06:00:00;1981-02;85.4;Y
1981-03-01 06:00:01;1981-04-01 06:00:00;1981-03;44.0;Y
1981-04-01 06:00:01;1981-05-01 06:00:00;1981-04;77.1;Y
1981-05-01 06:00:01;1981-06-01 06:00:00;1981-05;11.3;Y
1981-06-01 06:00:01;1981-07-01 06:00:00;1981-06;51.7;Y
1981-07-01 06:00:01;1981-08-01 06:00:00;1981-07;68.3;Y
1981-08-01 06:00:01;1981-09-01 06:00:00;1981-08;60.3;Y
1981-09-01 06:00:01;1981-10-01 06:00:00;1981-09;34.2;Y
1981-10-01 06:00:01;1981-11-01 06:00:00;1981-10;61.0;Y
1981-11-01 06:00:01;1981-12-01 06:00:00;1981-11;51.0;Y
1981-12-01 06:00:01;1982-01-01 06:00:00;1981-12;50.0;Y
1982-01-01 06:00:01;1982-02-01 06:00:00;1982-01;103.7;Y
1982-02-01 06:00:01;1982-03-01 06:00:00;1982-02;52.7;Y
1982-03-01 06:00:01;1982-04-01 06:00:00;1982-03;89.9;Y
1982-04-01 06:00:01;1982-05-01 06:00:00;1982-04;78.8;Y
1982-05-01 06:00:01;1982-06-01 06:00:00;1982-05;60.1;Y
1982-06-01 06:00:01;1982-07-01 06:00:00;1982-06;19.2;Y
1982-07-01 06:00:01;1982-08-01 06:00:00;1982-07;63.1;Y
1982-08-01 06:00:01;1982-09-01 06:00:00;1982-08;97.3;Y
1982-09-01 06:00:01;1982-10-01 06:00:00;1982-09;122.1;Y
1982-10-01 06:00:01;1982-11-01 06:00:00;1982-10;36.9;Y
1982-11-01 06:00:01;1982-12-01 06:00:00;1982-11;107.9;Y
1982-12-01 06:00:01;1983-01-01 06:00:00;1982-12;58.7;Y
1983-01-01 06:00:01;1983-02-01 06:00:00;1983-01;232.8;Y
1983-02-01 06:00:01;1983-03-01 06:00:00;1983-02;48.9;Y
1983-03-01 06:00:01;1983-04-01 06:00:00;1983-03;66.6;Y
1983-04-01 06:00:01;1983-05-01 06:00:00;1983-04;38.4;Y
1983-05-01 06:00:01;1983-06-01 06:00:00;1983-05;41.0;Y
1983-06-01 06:00:01;1983-07-01 06:00:00;1983-06;59.8;Y
1983-07-01 06:00:01;1983-08-01 06:00:00;1983-07;73.2;Y
1983-08-01 06:00:01;1983-09-01 06:00:00;1983-08;111.7;Y
1983-09-01 06:00:01;1983-10-01 06:00:00;1983-09;165.4;Y
1983-10-01 06:00:01;1983-11-01 06:00:00;1983-10;188.5;Y
1983-11-01 06:00:01;1983-12-01 06:00:00;1983-11;194.1;Y
1983-12-01 06:00:01;1984-01-01 06:00:00;1983-12;142.0;Y
1984-01-01 06:00:01;1984-02-01 06:00:00;1984-01;58.5;Y
1984-02-01 06:00:01;1984-03-01 06:00:00;1984-02;88.6;Y
1984-03-01 06:00:01;1984-04-01 06:00:00;1984-03;44.2;Y
1984-04-01 06:00:01;1984-05-01 06:00:00;1984-04;33.6;Y
1984-05-01 06:00:01;1984-06-01 06:00:00;1984-05;41.7;Y
1984-06-01 06:00:01;1984-07-01 06:00:00;1984-06;89.8;Y
1984-07-01 06:00:01;1984-08-01 06:00:00;1984-07;39.0;Y
1984-08-01 06:00:01;1984-09-01 06:00:00;1984-08;97.8;Y
1984-09-01 06:00:01;1984-10-01 06:00:00;1984-09;30.1;Y
1984-10-01 06:00:01;1984-11-01 06:00:00;1984-10;158.2;Y
1984-11-01 06:00:01;1984-12-01 06:00:00;1984-11;57.7;Y
1984-12-01 06:00:01;1985-01-01 06:00:00;1984-12;51.0;Y
1985-01-01 06:00:01;1985-02-01 06:00:00;1985-01;52.4;Y
1985-02-01 06:00:01;1985-03-01 06:00:00;1985-02;66.2;Y
1985-03-01 06:00:01;1985-04-01 06:00:00;1985-03;74.9;Y
1985-04-01 06:00:01;1985-05-01 06:00:00;1985-04;43.4;Y
1985-05-01 06:00:01;1985-06-01 06:00:00;1985-05;38.1;Y
1985-06-01 06:00:01;1985-07-01 06:00:00;1985-06;36.1;Y
1985-07-01 06:00:01;1985-08-01 06:00:00;1985-07;97.9;Y
1985-08-01 06:00:01;1985-09-01 06:00:00;1985-08;79.3;Y
1985-09-01 06:00:01;1985-10-01 06:00:00;1985-09;120.7;Y
1985-10-01 06:00:01;1985-11-01 06:00:00;1985-10;178.1;Y
1985-11-01 06:00:01;1985-12-01 06:00:00;1985-11;70.1;Y
1985-12-01 06:00:01;1986-01-01 06:00:00;1985-12;70.3;Y
1986-01-01 06:00:01;1986-02-01 06:00:00;1986-01;28.7;Y
1986-02-01 06:00:01;1986-03-01 06:00:00;1986-02;39.1;Y
1986-03-01 06:00:01;1986-04-01 06:00:00;1986-03;37.7;Y
1986-04-01 06:00:01;1986-05-01 06:00:00;1986-04;34.6;Y
1986-05-01 06:00:01;1986-06-01 06:00:00;1986-05;78.4;Y
1986-06-01 06:00:01;1986-07-01 06:00:00;1986-06;18.2;Y
1986-07-01 06:00:01;1986-08-01 06:00:00;1986-07;103.2;Y
1986-08-01 06:00:01;1986-09-01 06:00:00;1986-08;36.4;Y
1986-09-01 06:00:01;1986-10-01 06:00:00;1986-09;164.3;Y
1986-10-01 06:00:01;1986-11-01 06:00:00;1986-10;118.3;Y
1986-11-01 06:00:01;1986-12-01 06:00:00;1986-11;112.0;Y
1986-12-01 06:00:01;1987-01-01 06:00:00;1986-12;67.3;Y
1987-01-01 06:00:01;1987-02-01 06:00:00;1987-01;129.1;Y
1987-02-01 06:00:01;1987-03-01 06:00:00;1987-02;161.9;Y
1987-03-01 06:00:01;1987-04-01 06:00:00;1987-03;18.6;Y
1987-04-01 06:00:01;1987-05-01 06:00:00;1987-04;104.3;Y
1987-05-01 06:00:01;1987-06-01 06:00:00;1987-05;32.6;Y
1987-06-01 06:00:01;1987-07-01 06:00:00;1987-06;70.2;Y
1987-07-01 06:00:01;1987-08-01 06:00:00;1987-07;64.7;Y
1987-08-01 06:00:01;1987-09-01 06:00:00;1987-08;98.2;Y
1987-09-01 06:00:01;1987-10-01 06:00:00;1987-09;70.3;Y
1987-10-01 06:00:01;1987-11-01 06:00:00;1987-10;54.2;Y
1987-11-01 06:00:01;1987-12-01 06:00:00;1987-11;54.3;Y
1987-12-01 06:00:01;1988-01-01 06:00:00;1987-12;195.7;Y
1988-01-01 06:00:01;1988-02-01 06:00:00;1988-01;34.2;Y
1988-02-01 06:00:01;1988-03-01 06:00:00;1988-02;50.7;Y
1988-03-01 06:00:01;1988-04-01 06:00:00;1988-03;37.9;Y
1988-04-01 06:00:01;1988-05-01 06:00:00;1988-04;64.8;Y
1988-05-01 06:00:01;1988-06-01 06:00:00;1988-05;51.5;Y
1988-06-01 06:00:01;1988-07-01 06:00:00;1988-06;33.0;Y
1988-07-01 06:00:01;1988-08-01 06:00:00;1988-07;108.0;Y
1988-08-01 06:00:01;1988-09-01 06:00:00;1988-08;46.5;Y
1988-09-01 06:00:01;1988-10-01 06:00:00;1988-09;191.9;Y
1988-10-01 06:00:01;1988-11-01 06:00:00;1988-10;48.2;Y
1988-11-01 06:00:01;1988-12-01 06:00:00;1988-11;109.5;Y
1988-12-01 06:00:01;1989-01-01 06:00:00;1988-12;183.3;Y
1989-01-01 06:00:01;1989-02-01 06:00:00;1989-01;297.5;Y
1989-02-01 06:00:01;1989-03-01 06:00:00;1989-02;137.2;Y
1989-03-01 06:00:01;1989-04-01 06:00:00;1989-03;46.5;Y
1989-04-01 06:00:01;1989-05-01 06:00:00;1989-04;14.6;Y
1989-05-01 06:00:01;1989-06-01 06:00:00;1989-05;100.8;Y
1989-06-01 06:00:01;1989-07-01 06:00:00;1989-06;40.7;Y
1989-07-01 06:00:01;1989-08-01 06:00:00;1989-07;59.9;Y
1989-08-01 06:00:01;1989-09-01 06:00:00;1989-08;110.5;Y
1989-09-01 06:00:01;1989-10-01 06:00:00;1989-09;92.3;Y
1989-10-01 06:00:01;1989-11-01 06:00:00;1989-10;93.3;Y
1989-11-01 06:00:01;1989-12-01 06:00:00;1989-11;71.9;Y
1989-12-01 06:00:01;1990-01-01 06:00:00;1989-12;161.7;Y
1990-01-01 06:00:01;1990-02-01 06:00:00;1990-01;120.3;Y
1990-02-01 06:00:01;1990-03-01 06:00:00;1990-02;94.9;Y
1990-03-01 06:00:01;1990-04-01 06:00:00;1990-03;158.9;Y
1990-04-01 06:00:01;1990-05-01 06:00:00;1990-04;78.0;Y
1990-05-01 06:00:01;1990-06-01 06:00:00;1990-05;27.9;Y
1990-06-01 06:00:01;1990-07-01 06:00:00;1990-06;25.8;Y
1990-07-01 06:00:01;1990-08-01 06:00:00;1990-07;105.4;Y
1990-08-01 06:00:01;1990-09-01 06:00:00;1990-08;74.6;Y
1990-09-01 06:00:01;1990-10-01 06:00:00;1990-09;111.6;Y
1990-10-01 06:00:01;1990-11-01 06:00:00;1990-10;57.6;Y
1990-11-01 06:00:01;1990-12-01 06:00:00;1990-11;82.7;Y
1990-12-01 06:00:01;1991-01-01 06:00:00;1990-12;137.0;Y
1991-01-01 06:00:01;1991-02-01 06:00:00;1991-01;85.2;Y
1991-02-01 06:00:01;1991-03-01 06:00:00;1991-02;31.3;Y
1991-03-01 06:00:01;1991-04-01 06:00:00;1991-03;83.4;Y
1991-04-01 06:00:01;1991-05-01 06:00:00;1991-04;44.0;Y
1991-05-01 06:00:01;1991-06-01 06:00:00;1991-05;49.7;Y
1991-06-01 06:00:01;1991-07-01 06:00:00;1991-06;85.2;Y
1991-07-01 06:00:01;1991-08-01 06:00:00;1991-07;70.9;Y
1991-08-01 06:00:01;1991-09-01 06:00:00;1991-08;56.9;Y
1991-09-01 06:00:01;1991-10-01 06:00:00;1991-09;152.2;Y
1991-10-01 06:00:01;1991-11-01 06:00:00;1991-10;53.2;Y
1991-11-01 06:00:01;1991-12-01 06:00:00;1991-11;91.0;Y
1991-12-01 06:00:01;1992-01-01 06:00:00;1991-12;127.1;Y
1992-01-01 06:00:01;1992-02-01 06:00:00;1992-01;285.5;Y
1992-02-01 06:00:01;1992-03-01 06:00:00;1992-02;103.8;Y
1992-03-01 06:00:01;1992-04-01 06:00:00;1992-03;96.3;Y
1992-04-01 06:00:01;1992-05-01 06:00:00;1992-04;53.6;Y
1992-05-01 06:00:01;1992-06-01 06:00:00;1992-05;69.7;Y
1992-06-01 06:00:01;1992-07-01 06:00:00;1992-06;75.5;Y
1992-07-01 06:00:01;1992-08-01 06:00:00;1992-07;100.0;Y
1992-08-01 06:00:01;1992-09-01 06:00:00;1992-08;105.7;Y
1992-09-01 06:00:01;1992-10-01 06:00:00;1992-09;17.3;Y
1992-10-01 06:00:01;1992-11-01 06:00:00;1992-10;82.0;Y
1992-11-01 06:00:01;1992-12-01 06:00:00;1992-11;96.3;Y
1992-12-01 06:00:01;1993-01-01 06:00:00;1992-12;122.6;Y
1993-01-01 06:00:01;1993-02-01 06:00:00;1993-01;150.7;Y
1993-02-01 06:00:01;1993-03-01 06:00:00;1993-02;131.3;Y
1993-03-01 06:00:01;1993-04-01 06:00:00;1993-03;93.9;Y
1993-04-01 06:00:01;1993-05-01 06:00:00;1993-04;17.5;Y
1993-05-01 06:00:01;1993-06-01 06:00:00;1993-05;61.2;Y
1993-06-01 06:00:01;1993-07-01 06:00:00;1993-06;48.5;Y
1993-07-01 06:00:01;1993-08-01 06:00:00;1993-07;148.5;Y
1993-08-01 06:00:01;1993-09-01 06:00:00;1993-08;76.8;Y
1993-09-01 06:00:01;1993-10-01 06:00:00;1993-09;50.5;Y
1993-10-01 06:00:01;1993-11-01 06:00:00;1993-10;122.9;Y
1993-11-01 06:00:01;1993-12-01 06:00:00;1993-11;16.2;Y
1993-12-01 06:00:01;1994-01-01 06:00:00;1993-12;72.3;Y
1994-01-01 06:00:01;1994-02-01 06:00:00;1994-01;95.9;Y
1994-02-01 06:00:01;1994-03-01 06:00:00;1994-02;6.7;Y
1994-03-01 06:00:01;1994-04-01 06:00:00;1994-03;51.6;Y
1994-04-01 06:00:01;1994-05-01 06:00:00;1994-04;39.5;Y
1994-05-01 06:00:01;1994-06-01 06:00:00;1994-05;31.3;Y
1994-06-01 06:00:01;1994-07-01 06:00:00;1994-06;98.4;Y
1994-07-01 06:00:01;1994-08-01 06:00:00;1994-07;43.9;Y
1994-08-01 06:00:01;1994-09-01 06:00:00;1994-08;94.4;Y
1994-09-01 06:00:01;1994-10-01 06:00:00;1994-09;62.4;Y
1994-10-01 06:00:01;1994-11-01 06:00:00;1994-10;121.2;Y
1994-11-01 06:00:01;1994-12-01 06:00:00;1994-11;156.1;Y
1994-12-01 06:00:01;1995-01-01 06:00:00;1994-12;70.9;Y
1995-01-01 06:00:01;1995-02-01 06:00:00;1995-01;69.4;Y
1995-02-01 06:00:01;1995-03-01 06:00:00;1995-02;144.9;Y
1995-03-01 06:00:01;1995-04-01 06:00:00;1995-03;76.1;Y
1995-04-01 06:00:01;1995-05-01 06:00:00;1995-04;64.1;Y
1995-05-01 06:00:01;1995-06-01 06:00:00;1995-05;74.7;Y
1995-06-01 06:00:01;1995-07-01 06:00:00;1995-06;70.9;Y
1995-07-01 06:00:01;1995-08-01 06:00:00;1995-07;65.5;Y
1995-08-01 06:00:01;1995-09-01 06:00:00;1995-08;79.3;Y
1995-09-01 06:00:01;1995-10-01 06:00:00;1995-09;30.4;Y
1995-10-01 06:00:01;1995-11-01 06:00:00;1995-10;112.7;Y
1995-11-01 06:00:01;1995-12-01 06:00:00;1995-11;70.1;Y
1995-12-01 06:00:01;1996-01-01 06:00:00;1995-12;89.2;Y
1996-01-01 06:00:01;1996-02-01 06:00:00;1996-01;14.2;Y
1996-02-01 06:00:01;1996-03-01 06:00:00;1996-02;70.0;Y
1996-03-01 06:00:01;1996-04-01 06:00:00;1996-03;26.9;Y
1996-04-01 06:00:01;1996-05-01 06:00:00;1996-04;32.6;Y
1996-05-01 06:00:01;1996-06-01 06:00:00;1996-05;37.7;Y
1996-06-01 06:00:01;1996-07-01 06:00:00;1996-06;87.6;Y
1996-07-01 06:00:01;1996-08-01 06:00:00;1996-07;67.3;Y
1996-08-01 06:00:01;1996-09-01 06:00:00;1996-08;40.5;Y
1996-09-01 06:00:01;1996-10-01 06:00:00;1996-09;41.4;Y
1996-10-01 06:00:01;1996-11-01 06:00:00;1996-10;72.1;Y
1996-11-01 06:00:01;1996-12-01 06:00:00;1996-11;77.6;Y
1996-12-01 06:00:01;1997-01-01 06:00:00;1996-12;103.6;Y
1997-01-01 06:00:01;1997-02-01 06:00:00;1997-01;167.0;Y
1997-02-01 06:00:01;1997-03-01 06:00:00;1997-02;86.6;Y
1997-03-01 06:00:01;1997-04-01 06:00:00;1997-03;191.5;Y
1997-04-01 06:00:01;1997-05-01 06:00:00;1997-04;120.6;Y
1997-05-01 06:00:01;1997-06-01 06:00:00;1997-05;50.0;Y
1997-06-01 06:00:01;1997-07-01 06:00:00;1997-06;44.4;Y
1997-07-01 06:00:01;1997-08-01 06:00:00;1997-07;53.5;Y
1997-08-01 06:00:01;1997-09-01 06:00:00;1997-08;61.2;Y
1997-09-01 06:00:01;1997-10-01 06:00:00;1997-09;175.2;Y
1997-10-01 06:00:01;1997-11-01 06:00:00;1997-10;118.7;Y
1997-11-01 06:00:01;1997-12-01 06:00:00;1997-11;16.9;Y
1997-12-01 06:00:01;1998-01-01 06:00:00;1997-12;27.2;Y
1998-01-01 06:00:01;1998-02-01 06:00:00;1998-01;113.2;Y
1998-02-01 06:00:01;1998-03-01 06:00:00;1998-02;266.3;Y
1998-03-01 06:00:01;1998-04-01 06:00:00;1998-03;113.6;Y
1998-04-01 06:00:01;1998-05-01 06:00:00;1998-04;42.3;Y
1998-05-01 06:00:01;1998-06-01 06:00:00;1998-05;42.9;Y
1998-06-01 06:00:01;1998-07-01 06:00:00;1998-06;83.2;Y
1998-07-01 06:00:01;1998-08-01 06:00:00;1998-07;127.7;Y
1998-08-01 06:00:01;1998-09-01 06:00:00;1998-08;88.6;Y
1998-09-01 06:00:01;1998-10-01 06:00:00;1998-09;40.3;Y
1998-10-01 06:00:01;1998-11-01 06:00:00;1998-10;88.2;Y
1998-11-01 06:00:01;1998-12-01 06:00:00;1998-11;35.0;Y
1998-12-01 06:00:01;1999-01-01 06:00:00;1998-12;119.5;Y
1999-01-01 06:00:01;1999-02-01 06:00:00;1999-01;55.7;Y
1999-02-01 06:00:01;1999-03-01 06:00:00;1999-02;108.6;Y
1999-03-01 06:00:01;1999-04-01 06:00:00;1999-03;29.1;Y
1999-04-01 06:00:01;1999-05-01 06:00:00;1999-04;74.4;Y
1999-05-01 06:00:01;1999-06-01 06:00:00;1999-05;44.6;Y
1999-06-01 06:00:01;1999-07-01 06:00:00;1999-06;102.8;Y
1999-07-01 06:00:01;1999-08-01 06:00:00;1999-07;99.1;Y
1999-08-01 06:00:01;1999-09-01 06:00:00;1999-08;44.6;Y
1999-09-01 06:00:01;1999-10-01 06:00:00;1999-09;45.6;Y
1999-10-01 06:00:01;1999-11-01 06:00:00;1999-10;85.2;Y
1999-11-01 06:00:01;1999-12-01 06:00:00;1999-11;127.4;Y
1999-12-01 06:00:01;2000-01-01 06:00:00;1999-12;62.0;Y
2000-01-01 06:00:01;2000-02-01 06:00:00;2000-01;212.7;Y
2000-02-01 06:00:01;2000-03-01 06:00:00;2000-02;113.0;Y
2000-03-01 06:00:01;2000-04-01 06:00:00;2000-03;132.3;Y
2000-04-01 06:00:01;2000-05-01 06:00:00;2000-04;33.4;Y
2000-05-01 06:00:01;2000-06-01 06:00:00;2000-05;33.9;Y
2000-06-01 06:00:01;2000-07-01 06:00:00;2000-06;116.8;Y
2000-07-01 06:00:01;2000-08-01 06:00:00;2000-07;88.4;Y
2000-08-01 06:00:01;2000-09-01 06:00:00;2000-08;141.4;Y
2000-09-01 06:00:01;2000-10-01 06:00:00;2000-09;46.2;Y
2000-10-01 06:00:01;2000-11-01 06:00:00;2000-10;43.0;Y
2000-11-01 06:00:01;2000-12-01 06:00:00;2000-11;21.2;Y
2000-12-01 06:00:01;2001-01-01 06:00:00;2000-12;32.1;Y
2001-01-01 06:00:01;2001-02-01 06:00:00;2001-01;27.8;Y
2001-02-01 06:00:01;2001-03-01 06:00:00;2001-02;112.4;Y
2001-03-01 06:00:01;2001-04-01 06:00:00;2001-03;55.6;Y
2001-04-01 06:00:01;2001-05-01 06:00:00;2001-04;46.9;Y
2001-05-01 06:00:01;2001-06-01 06:00:00;2001-05;53.4;Y
2001-06-01 06:00:01;2001-07-01 06:00:00;2001-06;74.2;Y
2001-07-01 06:00:01;2001-08-01 06:00:00;2001-07;193.5;Y
2001-08-01 06:00:01;2001-09-01 06:00:00;2001-08;77.4;Y
2001-09-01 06:00:01;2001-10-01 06:00:00;2001-09;63.8;Y
2001-10-01 06:00:01;2001-11-01 06:00:00;2001-10;57.1;Y
2001-11-01 06:00:01;2001-12-01 06:00:00;2001-11;204.9;Y
2001-12-01 06:00:01;2002-01-01 06:00:00;2001-12;94.4;Y
2002-01-01 06:00:01;2002-02-01 06:00:00;2002-01;90.3;Y
2002-02-01 06:00:01;2002-03-01 06:00:00;2002-02;126.0;Y
2002-03-01 06:00:01;2002-04-01 06:00:00;2002-03;81.3;Y
2002-04-01 06:00:01;2002-05-01 06:00:00;2002-04;27.5;Y
2002-05-01 06:00:01;2002-06-01 06:00:00;2002-05;23.8;Y
2002-06-01 06:00:01;2002-07-01 06:00:00;2002-06;66.0;Y
2002-07-01 06:00:01;2002-08-01 06:00:00;2002-07;86.7;Y
2002-08-01 06:00:01;2002-09-01 06:00:00;2002-08;52.0;Y
2002-09-01 06:00:01;2002-10-01 06:00:00;2002-09;102.2;Y
2002-10-01 06:00:01;2002-11-01 06:00:00;2002-10;43.2;Y
2002-11-01 06:00:01;2002-12-01 06:00:00;2002-11;9.8;Y
2002-12-01 06:00:01;2003-01-01 06:00:00;2002-12;105.8;Y
2003-01-01 06:00:01;2003-02-01 06:00:00;2003-01;162.2;Y
2003-02-01 06:00:01;2003-03-01 06:00:00;2003-02;15.0;Y
2003-03-01 06:00:01;2003-04-01 06:00:00;2003-03;77.3;Y
2003-04-01 06:00:01;2003-05-01 06:00:00;2003-04;39.5;Y
2003-05-01 06:00:01;2003-06-01 06:00:00;2003-05;62.5;Y
2003-06-01 06:00:01;2003-07-01 06:00:00;2003-06;52.8;Y
2003-07-01 06:00:01;2003-08-01 06:00:00;2003-07;29.7;Y
2003-08-01 06:00:01;2003-09-01 06:00:00;2003-08;71.7;Y
2003-09-01 06:00:01;2003-10-01 06:00:00;2003-09;90.0;Y
2003-10-01 06:00:01;2003-11-01 06:00:00;2003-10;54.7;Y
2003-11-01 06:00:01;2003-12-01 06:00:00;2003-11;25.8;Y
2003-12-01 06:00:01;2004-01-01 06:00:00;2003-12;225.0;Y
2004-01-01 06:00:01;2004-02-01 06:00:00;2004-01;29.0;Y
2004-02-01 06:00:01;2004-03-01 06:00:00;2004-02;90.5;Y
2004-03-01 06:00:01;2004-04-01 06:00:00;2004-03;64.1;Y
2004-04-01 06:00:01;2004-05-01 06:00:00;2004-04;46.9;Y
2004-05-01 06:00:01;2004-06-01 06:00:00;2004-05;29.2;Y
2004-06-01 06:00:01;2004-07-01 06:00:00;2004-06;78.9;Y
2004-07-01 06:00:01;2004-08-01 06:00:00;2004-07;58.2;Y
2004-08-01 06:00:01;2004-09-01 06:00:00;2004-08;37.0;Y
2004-09-01 06:00:01;2004-10-01 06:00:00;2004-09;173.4;Y
2004-10-01 06:00:01;2004-11-01 06:00:00;2004-10;46.2;Y
2004-11-01 06:00:01;2004-12-01 06:00:00;2004-11;172.3;Y
2004-12-01 06:00:01;2005-01-01 06:00:00;2004-12;175.6;Y
2005-01-01 06:00:01;2005-02-01 06:00:00;2005-01;206.7;Y
2005-02-01 06:00:01;2005-03-01 06:00:00;2005-02;52.4;Y
2005-03-01 06:00:01;2005-04-01 06:00:00;2005-03;29.6;Y
2005-04-01 06:00:01;2005-05-01 06:00:00;2005-04;35.5;Y
2005-05-01 06:00:01;2005-06-01 06:00:00;2005-05;84.0;Y
2005-06-01 06:00:01;2005-07-01 06:00:00;2005-06;93.3;Y
2005-07-01 06:00:01;2005-08-01 06:00:00;2005-07;61.7;Y
2005-08-01 06:00:01;2005-09-01 06:00:00;2005-08;128.4;Y
2005-09-01 06:00:01;2005-10-01 06:00:00;2005-09;133.6;Y
2005-10-01 06:00:01;2005-11-01 06:00:00;2005-10;53.0;Y
2005-11-01 06:00:01;2005-12-01 06:00:00;2005-11;66.4;Y
2005-12-01 06:00:01;2006-01-01 06:00:00;2005-12;116.5;Y
2006-01-01 06:00:01;2006-02-01 06:00:00;2006-01;169.2;Y
2006-02-01 06:00:01;2006-03-01 06:00:00;2006-02;49.0;Y
2006-03-01 06:00:01;2006-04-01 06:00:00;2006-03;20.6;Y
2006-04-01 06:00:01;2006-05-01 06:00:00;2006-04;17.0;Y
2006-05-01 06:00:01;2006-06-01 06:00:00;2006-05;47.2;Y
2006-06-01 06:00:01;2006-07-01 06:00:00;2006-06;67.1;Y
2006-07-01 06:00:01;2006-08-01 06:00:00;2006-07;78.2;Y
2006-08-01 06:00:01;2006-09-01 06:00:00;2006-08;42.1;Y
2006-09-01 06:00:01;2006-10-01 06:00:00;2006-09;100.7;Y
2006-10-01 06:00:01;2006-11-01 06:00:00;2006-10;77.1;Y
2006-11-01 06:00:01;2006-12-01 06:00:00;2006-11;101.6;Y
2006-12-01 06:00:01;2007-01-01 06:00:00;2006-12;151.1;Y
2007-01-01 06:00:01;2007-02-01 06:00:00;2007-01;133.9;Y
2007-02-01 06:00:01;2007-03-01 06:00:00;2007-02;56.8;Y
2007-03-01 06:00:01;2007-04-01 06:00:00;2007-03;60.5;Y
2007-04-01 06:00:01;2007-05-01 06:00:00;2007-04;133.3;Y
2007-05-01 06:00:01;2007-06-01 06:00:00;2007-05;59.0;Y
2007-06-01 06:00:01;2007-07-01 06:00:00;2007-06;5.5;Y
2007-07-01 06:00:01;2007-08-01 06:00:00;2007-07;117.2;Y
2007-08-01 06:00:01;2007-09-01 06:00:00;2007-08;67.9;Y
2007-09-01 06:00:01;2007-10-01 06:00:00;2007-09;93.9;Y
2007-10-01 06:00:01;2007-11-01 06:00:00;2007-10;97.2;Y
2007-11-01 06:00:01;2007-12-01 06:00:00;2007-11;124.3;Y
2007-12-01 06:00:01;2008-01-01 06:00:00;2007-12;55.6;Y
2008-01-01 06:00:01;2008-02-01 06:00:00;2008-01;102.7;Y
2008-02-01 06:00:01;2008-03-01 06:00:00;2008-02;121.5;Y
2008-03-01 06:00:01;2008-04-01 06:00:00;2008-03;50.1;Y
2008-04-01 06:00:01;2008-05-01 06:00:00;2008-04;16.6;Y
2008-05-01 06:00:01;2008-06-01 06:00:00;2008-05;47.6;Y
2008-06-01 06:00:01;2008-07-01 06:00:00;2008-06;74.6;Y
2008-07-01 06:00:01;2008-08-01 06:00:00;2008-07;48.0;Y
2008-08-01 06:00:01;2008-09-01 06:00:00;2008-08;47.8;Y
2008-09-01 06:00:01;2008-10-01 06:00:00;2008-09;51.0;Y
2008-10-01 06:00:01;2008-11-01 06:00:00;2008-10;104.9;Y
2008-11-01 06:00:01;2008-12-01 06:00:00;2008-11;127.7;Y
2008-12-01 06:00:01;2009-01-01 06:00:00;2008-12;50.6;Y
2009-01-01 06:00:01;2009-02-01 06:00:00;2009-01;76.4;Y
2009-02-01 06:00:01;2009-03-01 06:00:00;2009-02;78.0;Y
2009-03-01 06:00:01;2009-04-01 06:00:00;2009-03;53.5;Y
2009-04-01 06:00:01;2009-05-01 06:00:00;2009-04;53.1;Y
2009-05-01 06:00:01;2009-06-01 06:00:00;2009-05;54.5;Y
2009-06-01 06:00:01;2009-07-01 06:00:00;2009-06;59.0;Y
2009-07-01 06:00:01;2009-08-01 06:00:00;2009-07;101.0;Y
2009-08-01 06:00:01;2009-09-01 06:00:00;2009-08;66.3;Y
2009-09-01 06:00:01;2009-10-01 06:00:00;2009-09;187.6;Y
2009-10-01 06:00:01;2009-11-01 06:00:00;2009-10;42.5;Y
2009-11-01 06:00:01;2009-12-01 06:00:00;2009-11;55.3;Y
2009-12-01 06:00:01;2010-01-01 06:00:00;2009-12;39.5;Y
2010-01-01 06:00:01;2010-02-01 06:00:00;2010-01;44.5;Y
2010-02-01 06:00:01;2010-03-01 06:00:00;2010-02;36.8;Y
2010-03-01 06:00:01;2010-04-01 06:00:00;2010-03;98.2;Y
2010-04-01 06:00:01;2010-05-01 06:00:00;2010-04;36.1;Y
2010-05-01 06:00:01;2010-06-01 06:00:00;2010-05;98.4;Y
2010-06-01 06:00:01;2010-07-01 06:00:00;2010-06;93.4;Y
2010-07-01 06:00:01;2010-08-01 06:00:00;2010-07;109.9;Y
2010-08-01 06:00:01;2010-09-01 06:00:00;2010-08;31.3;Y
2010-09-01 06:00:01;2010-10-01 06:00:00;2010-09;32.2;Y
2010-10-01 06:00:01;2010-11-01 06:00:00;2010-10;61.3;Y
2010-11-01 06:00:01;2010-12-01 06:00:00;2010-11;21.9;Y
2010-12-01 06:00:01;2011-01-01 06:00:00;2010-12;50.0;Y
2011-01-01 06:00:01;2011-02-01 06:00:00;2011-01;124.2;Y
2011-02-01 06:00:01;2011-03-01 06:00:00;2011-02;56.2;Y
2011-03-01 06:00:01;2011-04-01 06:00:00;2011-03;164.5;Y
2011-04-01 06:00:01;2011-05-01 06:00:00;2011-04;62.8;Y
2011-05-01 06:00:01;2011-06-01 06:00:00;2011-05;58.0;Y
2011-06-01 06:00:01;2011-07-01 06:00:00;2011-06;94.8;Y
2011-07-01 06:00:01;2011-08-01 06:00:00;2011-07;85.2;Y
2011-08-01 06:00:01;2011-09-01 06:00:00;2011-08;138.8;Y
2011-09-01 06:00:01;2011-10-01 06:00:00;2011-09;137.0;Y
2011-10-01 06:00:01;2011-11-01 06:00:00;2011-10;84.7;Y
2011-11-01 06:00:01;2011-12-01 06:00:00;2011-11;90.3;Y
2011-12-01 06:00:01;2012-01-01 06:00:00;2011-12;140.3;Y
2012-01-01 06:00:01;2012-02-01 06:00:00;2012-01;100.2;Y
2012-02-01 06:00:01;2012-03-01 06:00:00;2012-02;119.6;Y
2012-03-01 06:00:01;2012-04-01 06:00:00;2012-03;179.2;Y
2012-04-01 06:00:01;2012-05-01 06:00:00;2012-04;41.8;Y
2012-05-01 06:00:01;2012-06-01 06:00:00;2012-05;43.4;Y
2012-06-01 06:00:01;2012-07-01 06:00:00;2012-06;58.3;Y
2012-07-01 06:00:01;2012-08-01 06:00:00;2012-07;59.0;Y
2012-08-01 06:00:01;2012-09-01 06:00:00;2012-08;36.9;Y
2012-09-01 06:00:01;2012-10-01 06:00:00;2012-09;83.6;Y
2012-10-01 06:00:01;2012-11-01 06:00:00;2012-10;88.9;Y
2012-11-01 06:00:01;2012-12-01 06:00:00;2012-11;53.3;Y
2012-12-01 06:00:01;2013-01-01 06:00:00;2012-12;55.6;Y
2013-01-01 06:00:01;2013-02-01 06:00:00;2013-01;66.0;Y
2013-02-01 06:00:01;2013-03-01 06:00:00;2013-02;66.9;Y
2013-03-01 06:00:01;2013-04-01 06:00:00;2013-03;84.2;Y
2013-04-01 06:00:01;2013-05-01 06:00:00;2013-04;47.2;Y
2013-05-01 06:00:01;2013-06-01 06:00:00;2013-05;27.1;Y
2013-06-01 06:00:01;2013-07-01 06:00:00;2013-06;57.0;Y
2013-07-01 06:00:01;2013-08-01 06:00:00;2013-07;92.8;Y
2013-08-01 06:00:01;2013-09-01 06:00:00;2013-08;82.2;Y
2013-09-01 06:00:01;2013-10-01 06:00:00;2013-09;53.2;Y
2013-10-01 06:00:01;2013-11-01 06:00:00;2013-10;92.1;Y
2013-11-01 06:00:01;2013-12-01 06:00:00;2013-11;165.2;Y
2013-12-01 06:00:01;2014-01-01 06:00:00;2013-12;127.3;Y
2014-01-01 06:00:01;2014-02-01 06:00:00;2014-01;11.9;Y
2014-02-01 06:00:01;2014-03-01 06:00:00;2014-02;15.7;Y
2014-03-01 06:00:01;2014-04-01 06:00:00;2014-03;121.8;Y
2014-04-01 06:00:01;2014-05-01 06:00:00;2014-04;37.3;Y
2014-05-01 06:00:01;2014-06-01 06:00:00;2014-05;41.0;Y
2014-06-01 06:00:01;2014-07-01 06:00:00;2014-06;60.6;Y
2014-07-01 06:00:01;2014-08-01 06:00:00;2014-07;25.6;Y
2014-08-01 06:00:01;2014-09-01 06:00:00;2014-08;99.1;Y
2014-09-01 06:00:01;2014-10-01 06:00:00;2014-09;82.2;Y
2014-10-01 06:00:01;2014-11-01 06:00:00;2014-10;66.9;Y
2014-11-01 06:00:01;2014-12-01 06:00:00;2014-11;23.9;Y
2014-12-01 06:00:01;2015-01-01 06:00:00;2014-12;157.8;Y
2015-01-01 06:00:01;2015-02-01 06:00:00;2015-01;62.8;Y
2015-02-01 06:00:01;2015-03-01 06:00:00;2015-02;155.8;Y
2015-03-01 06:00:01;2015-04-01 06:00:00;2015-03;70.5;Y
2015-04-01 06:00:01;2015-05-01 06:00:00;2015-04;118.8;Y
2015-05-01 06:00:01;2015-06-01 06:00:00;2015-05;61.3;Y
2015-06-01 06:00:01;2015-07-01 06:00:00;2015-06;78.1;Y
2015-07-01 06:00:01;2015-08-01 06:00:00;2015-07;91.1;Y
2015-08-01 06:00:01;2015-09-01 06:00:00;2015-08;46.5;Y
2015-09-01 06:00:01;2015-10-01 06:00:00;2015-09;68.4;Y
2015-10-01 06:00:01;2015-11-01 06:00:00;2015-10;115.2;Y
2015-11-01 06:00:01;2015-12-01 06:00:00;2015-11;114.6;Y
2015-12-01 06:00:01;2016-01-01 06:00:00;2015-12;109.5;Y
2016-01-01 06:00:01;2016-02-01 06:00:00;2016-01;45.7;Y
2016-02-01 06:00:01;2016-03-01 06:00:00;2016-02;47.4;Y
2016-03-01 06:00:01;2016-04-01 06:00:00;2016-03;59.8;Y
2016-04-01 06:00:01;2016-05-01 06:00:00;2016-04;52.0;Y
2016-05-01 06:00:01;2016-06-01 06:00:00;2016-05;17.8;Y
2016-06-01 06:00:01;2016-07-01 06:00:00;2016-06;39.7;Y
2016-07-01 06:00:01;2016-08-01 06:00:00;2016-07;89.4;Y
2016-08-01 06:00:01;2016-09-01 06:00:00;2016-08;87.0;Y
2016-09-01 06:00:01;2016-10-01 06:00:00;2016-09;102.0;Y
2016-10-01 06:00:01;2016-11-01 06:00:00;2016-10;60.7;Y
2016-11-01 06:00:01;2016-12-01 06:00:00;2016-11;127.0;Y
2016-12-01 06:00:01;2017-01-01 06:00:00;2016-12;160.5;Y
2017-01-01 06:00:01;2017-02-01 06:00:00;2017-01;107.2;Y
2017-02-01 06:00:01;2017-03-01 06:00:00;2017-02;50.1;Y
2017-03-01 06:00:01;2017-04-01 06:00:00;2017-03;94.4;Y
2017-04-01 06:00:01;2017-05-01 06:00:00;2017-04;103.3;Y
2017-05-01 06:00:01;2017-06-01 06:00:00;2017-05;50.1;Y
2017-06-01 06:00:01;2017-07-01 06:00:00;2017-06;99.6;Y
2017-07-01 06:00:01;2017-08-01 06:00:00;2017-07;91.3;Y
2017-08-01 06:00:01;2017-09-01 06:00:00;2017-08;81.7;Y
2017-09-01 06:00:01;2017-10-01 06:00:00;2017-09;25.0;Y
2017-10-01 06:00:01;2017-11-01 06:00:00;2017-10;120.0;Y
2017-11-01 06:00:01;2017-12-01 06:00:00;2017-11;66.1;Y
2017-12-01 06:00:01;2018-01-01 06:00:00;2017-12;105.6;Y
2018-01-01 06:00:01;2018-02-01 06:00:00;2018-01;51.3;Y
